"Code","Name","Address","Phone","Fax","Email","Website","City","Lat","Lon"
2108,"Cabo Ruivo","Rua de Montepuez nº. 1 Olivais Sul 1800-275 Lisboa",218533632,218533071,"bvcaboruivo@hotmail.com",,"Lisboa",,
2201,"Porto Sapadores","Rua da Constituição nº. 1418 - 4250-161 Porto",225073700,225073705,,,"Porto",,
2202,"Porto Voluntários","Rua Rodrigues Sampaio, 153 4000-425 Porto",222055845,222080366,"bvporto@netcabo.pt",,"Porto",,
2203,"Portuenses","Rua das Cruzes, 580 4100-191 Porto",226151800,226151807,"bvportuenses@clix.pt",,"Porto",,
2204,"B.P.Meridien","Av. da Boavista, 1466 4100-114 Porto",226072500,226002031,"carlos.vigo@lemeridien.pt",,"Porto",,
2301,"Angra do Heroismo","Praça Doutor Sousa Júnior, 9700070 Angra Heroísmo",295212333,295204119,,,"Angra do Heroísmo",,
2302,"Calheta","Rua Manuel Machado Pacheco 9850041 CALHETA (São Jorge)",,,,,"Calheta",,
2303,"Faialenses","Rua dos Bombeiros Voluntários 9900099 Horta",292200850,292200852,"geral@bombeiros-faialenses.net","www.bombeiros-faialenses.net/","Horta",,
2304,"Ilha do Corvo","Rua dos Moinhos 9980032 Corvo",292596229,292596280,,,"Ilha do Corvo",,
2305,"Ilha Graciosa","Rua das Dores 9880-310 Santa Cruz da Graciosa",295712215,,,,"Santa Cruz da Graciosa",,
2306,"Lajes do Pico","Largo São Pedro 9 9930-136 Lages do Pico",292672299,,,,"Lajes do Pico",,
2307,"Madalena","Rua Colégio 54, Madalena 9950 Madalena (Pico)",292628300,292628308,"bvmadalena@mail.telepac.pt",,"Madalena",,
2309,"Ponta Delgada","Rua de São Gonçalo, 230 9500-344 Ponta De Largoada",296301313,296301317,"scomando@bvpd.pt","www.bvpd.pt","Ponta Delgada",,
2311,"Praia da Vitória","Largo Conde Praia Vitória 9760-438 Praia da Vitória",295540220,295540227,"comando@bombeirospraia.com","www.bombeirospraia.com","Vila da Praia da Vitória",,
2310,"Povoação","Largo Jardim Municipal Povoação 9650-430 Povoação",296550050,296550052,"bvpovoacao@gmail.com",,"Povoação",,
2313,"Santa Cruz das Flores","Estrada Nacional Monte 9970-265 Santa Cruz Das Flores",292590090,292590098,"direccaoahbvcf@sapo.pt",,"Santa Cruz das Flores",,
1129,"Parede","Av. dos Bombeiros Voluntários nº.142 2775-168 Parede",214574585,214580437,"B.V.Parede@netcabo.pt",,"Cascais",,
2342,"B.P. Ana - Porto Santos","Aeroporto de Porto Santo 9400 - Porto Santos",291980124,291520710,"anam@srpcbm.pt / mhcastanheira@anam.pt","www.anam.pt","Porto Santo",,
125,"Murtosa","Av. Do Emigrante 3780-153 Murtosa",234865666,234866089,"secretaria@bombeirosmurtosa.pt","www.bombeirosmurtosa.pt","Murtosa",,
2341,"B.P. Ana - Madeira","Aeroporto Internacional da Madeira 9100-105 Santa Cruz",962015684,291520710,"anam@srpcbm.pt / mhcastanheira@anam.pt","www.anam.pt","Santa Cruz",,
1520,"Concelho do Seixal","Alameda dos Bombeiros Voluntários 2840- 395 Seixal",212279530,212279548,"maria.deodata@bvseixal.pt","www.bvseixal.pt","Seixal",,
2327,"Porto Santo","Rua Berta Moura Teixeira Aguiar 9400-154 Porto Santo",291982115,291983924,"bvps@srpcbm.pt",,"Porto Santo",,
2326,"São Vicente e Porto Moniz","Sítio do Pé do Passo - São Vicente 9240039 São Vicente",291842115,291842586,"bvsvpm@srpcbm.pt",,"São Vicente",,
2325,"Santana","Rua da Achada do Pampilhar 9230083 Santana",291570112,291570119,"bvs@srpcbm.pt",,"Santana",,
2324,"Santa Cruz Municipais","Av. 25 de Junho 9100-185 Santa Cruz",291520210,291520211,"bmsc@srpcbm.pt",,"Santa Cruz",,
2323,"Ribeira Brava","Estrada Regional 104, nº. 3 9350-203 Ribeira Brava",291952288,291951655,"bvrb@srpcbm.pt",,"Ribeira Brava",,
2322,"Madeirenses","Rua do Matadouro nº. 1 9050-100 Funchal",291223056,291225113,"bvm@srpcbm.pt","http://members.netmadeira.com/bvm/","Funchal",,
2321,"Machico Municipais","Caminho da Ribeira, nº.13 9200 075 Machico",291965183,291966267,"bmmachico@mail.telepac.pt / bmm@srpcbm.pt",,"Machico",,
2320,"Funchal Municipais","Av. Calouste Gulbenkian 9000011 Funchal",291200930,291232228,"bmf@srpcbm.pt",,"Funchal",,
2319,"Câmara de Lobos","Rua da Carreira nº. 11 9300039 Camara de Lobos",291911444,291911449,"bvcl@srpcbm.pt","http://members.netmadeira.com/bv-cl/","Câmara de Lobos",,
2318,"Calheta","Ladeira, Lamaceiros Arco da Calheta 9370027 Calheta",291827204,291827392,"bvc@srpcbm.pt",,"Calheta",,
2317,"Vila Franca do Campo","Av. Bombeiros Voluntários - Vila Franca do Campo",296539900,,,,"Vila Franca do Campo",,
2316,"Velas","Av. do Livramento - Velas 9800-502 Velas",295412115,295412916,,,"Velas",,
127,"B.P.Vista Alegre","Chousa Nova 3830-133 Ílhavo",234320500,234320590,"luis.bairrada@portucelsoporcel.com",,"Ílhavo",,
2314,"Santa Maria","Flor R Baixa-Vila Porto 9580-477 Vila do Porto",296882373,296882410,"bvsantamaria@gmail.com",,"Santa Maria",,
2315,"São Roque do Pico","Rua Doutor Tibério A Brasil 9940-365 São Roque do Pico",292642250,,,,"São Roque do Pico",,
2312,"Ribeira Grande","Rua dos Bombeiros Voluntários - Ribeira Grande",296472318,,,,"Ribeira Grande",,
1005,"São Martinho do Porto","Rua Bombeiros Voluntários 2460-654 São Martinho do Porto",262989862,262980383,,,"Alcobaça",,
1006,"Pombal","Av. Heróis do Ultramar 3100-462 Pombal",236212122,236200925,"bvpombal@mail.telepac.pt",,"Pombal",,
1007,"Bombarral","Rua Comandante Evaristo Judicibus 2540092 Bombarral",262601681,262604104,"bvb@netvisao.pt","www.bvb.pt","Bombarral",,
2106,"Cruz de Malta","Largo do Leão nº. 11 1181-188 Lisboa",218478293,218461147,"bvcruzdemalta@hotmail.com","http://www.bvcruzdemalta.com.sapo.pt","Lisboa",,
2107,"Beato e Olivais","Rua do Grilo nº. 38-40 1900-706 Lisboa",218688304,218683851,"Comando.beato.olivais@gmail.com",,"Lisboa",,
1814,"Mangualde","Av. da Liberdade, nº. 26/32 3530-113 Mangualde",232619610,232619619,"comandante@abvmangualde.com",,"Mangualde",,
1815,"Farejinhas","Rua dos Bombeiros Voluntários 3600-272 Farejinhas",232382404,232386248,,,"Castro Daire",,
1816,"Oliveira de Frades","Rua 7 de Outubro nº.7 3680-116 Oliveira de Frades",232760230,232763736,"bvofcte@hotmail.com",,"Oliveira de Frades",,
1817,"Canas de Senhorim","Largo do Cruzeiro nº. 1 3525013 Canas de Senhorim",232671272,232673805,"geral@bvcanas.com","www.bvcanas.com","Nelas",,
1818,"Armamar","Av. D. Oliveira Salazar, 14 5110-122 Armamar",254855209,254855157,"ahbvarmamar@mail.telepac.pt",,"Armamar",,
1819,"Cabanas Viriato","Rua de Viriato nº. 319 3430-649 Cabanas Viriato",232691129,232691573,"ahbvcabanasdeviriato@mail.telepac.pt","www.bvcabanas.com","Carregal do Sal",,
1820,"Tabuaço","Av. Marechal Carmona 5120 - 385 Tabuaço",254789108,254789853,"secretaria@bvtabuaco.pt","http://www.bvtabuaco.pt","Tabuaço",,
1821,"Carregal Sal","Av. Bombeiros 3430-155 Carregal do Sal",232968250,232969985,"geral@bvcaregal.com","www.bvcarregal.com","Carregal do Sal",,
1822,"Penalva Castelo","Rua1º de Dezembro 3550-135 Penalva do Castelo3550",232641444,232642606,,,"Penalva do Castelo",,
1823,"Resende","Rua D. Francisco Sá Carneiro 4660-226 Resende",254877122,254871125,"bvresende@sapo.pt",,"Resende",,
1824,"Ervedosa Douro","Rua Nossa Senhora do Socorro 5130067 Ervedosa do Douro",254423280,254423145,"bv.ervedosa@oninet.pt",,"São João da Pesqueira",,
1825,"Sernancelhe","Largo Gabriel Azevedo 3640 -220 Sernamcelhe",254595455,254595333,"bombeirossernancelhe@gmail.com",,"Sernancelhe",,
1826,"Cinfães","Rua Coronel Numa Pompilio nº.35 4690033",255561567,255562407,,,"Cinfães",,
1827,"Penedono","Av. Adriano de Almeida 3630 - 225 Penedono",254504120,254505004,,,"Penedono",,
1828,"Nespereira","Rua Feira Franca 4690 -363 Nespereira Cinfães",256955445,256955445,"bvnespereira@sapo.pt",,"Cinfães",,
1829,"Tarouca","Rua Bombeiros Voluntários 3610-106 Tarouca",254679238,254678242,,,"Tarouca",,
1830,"Vila Nova Paiva","Campo da Restauração 3650-217 Vila Nova de Paiva",232604181,232604854,"bvnp@sapo.pt",,"Vila Nova de Paiva",,
1831,"Sátão","Rua dos Bombeiros Voluntários 3560-170 Sátão",232981325,232982350,"bvsatao@oninet.pt","www.sdbvsatao.blogspot.com","Sátão",,
1832,"Vale Besteiros","Av. D. João Almiro 3456056 Campo de Besteiros",232851115,232851758,,,"Tondela",,
1833,"Santa Cruz Trapa","Vila Nova - Santa Cruz da Trapa 3660-259 St. Cruz Trapa",232798115,232798126,,,"São Pedro do Sul",,
2101,"R.S.B.Lisboa","Av. D. Carlos I 1249071 Lisboa",808215215,218171313,"rsb.relacoespublicas@cm-lisboa.pt",,"Lisboa",,
2102,"Lisboa","Largo Barão Quintela nº. 7 1200-194 Lisboa",213460475,213424408,"geral@bv-lisboa.pt","www.bv-lisboa.pt","Lisboa",,
2103,"Ajuda","Praça da Alegria nº. 27-31 1250004 Lisboa",213219400,213427070,,,"Lisboa",,
2104,"Lisbonenses","Rua Camilo Castelo Branco nº. 33-35-37 1150083 Lisboa",213512500,213512509,"geral.blisbonenses@sapo.pt",,"Lisboa",,
2105,"Campo de Ourique","Rua Francisco Metrass, nº.48 e 48-A 1350-145 Lisboa",213841880,213841661,,"www.bvcampodeourique.no.sapo.pt","Lisboa",,
1125,"Queluz","Rua D. Pedro IV 2745-201 Queluz",214346990,214346999,"comandobvq@mail.telepac.pt","www.bombeirosdequeluz.pt","Sintra",,
1126,"Estoril","Av. dos Bombeiros Voluntários nº. 3 2675-202 Estoril",214659190,214660115,"abve.comando@mail.telepac.pt","http://abve.atspace.com/","Cascais",,
1127,"Camarate","Rua dos Bombeiros Voluntários Camarate 2680020 Camarate",219472020,219470422,"bvccomando1127@gmail.com","www.bvcamarate.com","Loures",,
1128,"Belas","Rua Eduardo Ferreira Pinto Basto 2745 Belas",214311715,214311740,"bvbelas@netcabo.pt",,"Sintra",,
1130,"Alverca","Rua Bombeiros Voluntários 2615052 Alverca",219581551,219571078,"geral@bvalverca.pt","http://www.bvalverca.pt","Vila Franca de Xira",,
1131,"Alcabideche","Rua dos Bombeiros Voluntários, nº. 159 2645030 Alcabideche",214607950,214607957,"geral@ahbva.pt","http://www.ahbva.pt","Cascais",,
1018,"Batalha","Rua dos Bombeiros 2440-117 Batalha",244768500,244765095,"geral@bv-batalha.pt ou direccao@bv-batalha.pt",,"Batalha",,
1019,"Pataias","Largo Escolas Velhas-Pataias 2445-260 Pataias",244589286,244587249,"geral@bvpatais.pt",,"Alcobaça",,
1020,"Maceira Liz","Rua Leiria-Maceira-Liz 2405018 Maceira Liz",244770009,244770000,"bombeiros.maceira@gmail.com","http://www.bombeirosmaceira.pt","Leiria",,
1021,"Mira De Aire","Bairro Santos Moleiro 2485031 Mira de Aire",244440115,244449123,"bvmiradeaire@sapo.pt",,"Porto de Mós",,
1022,"Leiria","Rua da Liberdade - Outeiros da Gândara Olivais 2400-435 Leiria",244882015,244861610,"bvleiria.comando@sapo.pt",,"Leiria",,
1023,"Juncal","Rua dos Bombeiros 2480079 Juncal",244470115,244470000,"bvjuncal@sapo.pt",,"Porto de Mós",,
1024,"Benedita","Av. Padre Inácio Antunes 2475-102 Benedita",262925500,262925505,"comando.bvb@mail.telepac.pt",,"Alcobaça",,
602,"Figueira da Foz Municipais","Largo Padre Arménio Marques 3080078 Figueira da Foz",233402800,233402809,"cbm@cm-figfoz.pt",,"Figueira da Foz",,
603,"Figueira da Foz Voluntários","Rua Herois do Ultramar apart.2158 3081-902 Figueira da Foz",233402260,233420010,,,"Figueira da Foz",,
604,"Coimbra Voluntários","Av. Fernão Magalhães, nº.176 Apart. 206 3001-903 Coimbra",239822383,239825590,,,"Coimbra",,
605,"Cantanhede","Rua Bombeiros Voluntários 3060-163 Cantanhede",231422122,231423313,,,"Cantanhede",,
606,"Lousã Municipais","Av. D. José Maria Cardoso Apart. 4 3200-259 Lousã",239990530,239990539,"geral@cm-lousa.pt",,"Lousã",,
607,"Soure","Praça da República 3130-218 Soure",239506300,239501164,"secretaria@bvsoure.com","www.bvsoure.com","Soure",,
608,"Oliveira do Hospital","Av. D.Carlos Campos 3400058 Oliveira do Hospital",238602707,238604290,"o.hospital@gmail.com","www.bvoliveiradohospital.com","Oliveira do Hospital",,
609,"Condeixa a Nova","Av. Visconde Alverca - 3150-120 Condeixa-a-Nova",239942115,239944568,"bvcondeixa@clix.pt",,"Condeixa-a-Nova",,
1813,"Moimenta da Beira","Av. de S. João, nº. 1 3620-307 Moimenta da Beira",254582153,254582609,"bv.mbeira@mail.telepac.pt","http://bombeirosvmoimentadabeira.blogspot.com/","Moimenta da Beira",,
1812,"S.P.S.Pedro do Sul","Rua bandeira Melo 3660-442 São Pedro do Sul",232711115,232712172,"comandante@salvacaopublicasps.com","www.salvacaopublicasps.com","São Pedro do Sul",,
1811,"Mortágua","Av. dos Bombeiros Voluntários 3450-122 Mortágua",231920122,231920172,,,"Mortágua",,
1810,"Tondela","Rua dos Bombeiros Voluntáriosnº. 12 3460-572 Tondela",232814110,232814114,"bombeiros.tondela@hotmail.com",,"Tondela",,
1809,"Nelas","Rua D. Abel Pais Cabral 3520032 Nelas",232941250,232941259,"inf@bvnelas.com",,"Nelas",,
1808,"Santa Comba Dão","Av. Sá Carneiro 3440-374 Santa Comba Dão",232881342,232882333,,,"Santa Comba Dão",,
1806,"Viseense","Rua José Branquinho 3510 - 001 Viseu",232422047,232425935,"geral@bombeirosvoluntariosviseu.org","www.bombeirosvoluntariosviseu.org/","Viseu",,
1807,"São João Pesqueira","Av. Marquês Soveral 5130-321 São João Pesqueira",254484293,254484890,"bvsjp@sapo.pt",,"São João da Pesqueira",,
1805,"Vouzela","Rua dos Bombeiros Voluntários nº. 22 3670-277 Vouzela",232772096,232772486,"bombeirosvouzela@mail.telepac.pt",,"Vouzela",,
1804,"São Pedro Sul","Rua Serpa Pinto 3660-502 São Pedro Sul",232720110,232723922,"bvsp@clix.pt",,"São Pedro do Sul",,
1802,"Lamego","Rua dos Bombeiros Voluntários 5100-119 Lamego",254609122,254655959,"bvlamego.cmdt@gmail.com","www.bvlamego.com","Lamego",,
1803,"Castro Daire","Av. dos Bombeiros Voluntários 3600-140 Castro Daire",232319050,232319055,"bvcdairecomando@sapo.pt","www.bvcd.pt","Castro Daire",,
1801,"Viseu Municipais","Praça D. João I 3510015 Viseu",232436216,232425859,,,"Viseu",,
1727,"Salto","Rua Central 5470-430 Salto",253659444,253659444,,,"Montalegre",,
1726,"Santa Marta de Penaguião","Alameda 13 de Janeiro 5030-470 S. M. de Penaguião",254821180,254811289,"bombeirosmp@mail.pt",,"Santa Marta de Penaguião",,
1725,"Cerva","Bombeiros Voluntários 4870042 Cerva",259470311,259479157,,,"Ribeira de Pena",,
1724,"Ribeira de Pena","Rua 25 de Abril 4870-155 Ribeira de Pena",259494215,259493010,,,"Ribeira de Pena",,
1722,"Boticas","Av. Rei Olavo V 5460-308 Boticas",276415291,276413080,"bombeiros.btc@sapo.pt",,"Boticas",,
1723,"Pinhão","Urb. Qta Amarela 5085038 Pinhão",254732494,254731337,"bvpinhao@clix.pt",,"Alijó",,
1721,"Vidago","Av. Conde Caria nº.2 5425-307 Vidago",276907122,276907613,"b.v.vidago@sapo.pt","www.bombeirosdevidago.pt","Chaves",,
1720,"Fontes","Lugar do Cruzeiro, 5 5030-112 Fontes SMP",254810200,254810209,"bvfontes_direccao@sapo.pt bvfontes_comando@sapo.pt",,"Santa Marta de Penaguião",,
1719,"Montalegre","Av. João Rua Cabrilho 5470-204 Montalegre",276512301,276512302,"bvmontalegrecmd@hotmail.com",,"Montalegre",,
1718,"Mesão Frio","Rua de S. António 5040-353 Mesão Frio",254892222,254892873,"ahbvmesaofrio@mail.telepac.pt",,"Mesão Frio",,
1717,"Chaves","Av. dos B. Voluntários 5400-121 ChAv.es",276322144,276321242,,,"Chaves",,
1716,"Valpaços","Av. nº. S. Da Saúde 5430-422 Valpaços",278711385,278729000,"bvvalpacoscentral@sapo.pt",,"Valpaços",,
1715,"Alijó","Av. 25 de Abril 5070011 Alijó",259959345,259950388,,,"Alijó",,
1714,"Carrazedo de Montenegro","Av. dos B. Voluntários 5445-151 C.de Montenegro",278781210,278781760,"op66074@mail.telepac.pt",,"Valpaços",,
1713,"Provezende","Rua Cimo da Vila 5060-253 Provezende",254732492,254731623,,,"Sabrosa",,
1712,"Cheires","Rua do Adro 5070-342 Alijó",259686259,259686148,,,"Alijó",,
1711,"Murça","Rua Alfredo Pinto, nº. 53 5090 - 115 Murça",259512222,259512485,"ahbvmurca@hotmail.com","ahbvmurca.blogspot.com","Murça",,
1710,"São Mamede de Ribatua","Rua da Capela 5070-488 S. Mamede de Ribatua",259663145,259663155,,,"Alijó",,
1708,"Vila P. de Aguiar","Rua Henrique Botelho 5450027 V. Pouca de Aguiar",259419140,259419149,"bombeirosvpa@sapo.pt",,"Vila Pouca de Aguiar",,
1709,"Mondim de Basto","Av. da Igreja 4880-231 Mondim de Basto",255381251,255381751,,,"Mondim de Basto",,
1707,"Favaios","Largo de S. Gonçalo 5070-269 FAv.aios",259949434,259949139,"bvfavaios.d@mail.telepac.pt",,"Alijó",,
1706,"Cruz Branca Vila Real","Rua D. Margarida ChAv.es 5000-597 Vila Real",259340900,259325703,"comando.cruzbranca@gmail.com","www.utad.pt/bcb","Vila Real",,
1705,"Sabrosa","Rua Combatentes da G. Guerra 5060-302 Sabrosa",259939412,259939632,"bvsabrosa@clix.pt",,"Sabrosa",,
1702,"Flavienses","Campo da Fonte - Apartado 69 5400-161 Chaves",276322122,276324080,"flavi.flavienses@clix.pt","www.afbv.pt","Chaves",,
1703,"Cruz Verde Vila Real","Largo dos B. Voluntários 5000-640 Vila Real",259330510,259374473,"cruzverde@sapo.pt",,"Vila Real",,
1704,"Sanfins do Douro","Largo dos Bombeiros 5070-358 Sanfins do Douro",259686132,259686175,"bombeiros_sanfinsdodouro@hotmail.com",,"Alijó",,
1701,"Peso da Régua","Av. D. Antão de Carvalho 5050-224 Peso da Régua",254312352,254322467,"bvpesodaregua@hotmail.com","http://www.bv-pesodaregua.org/","Peso da Régua",,
1523,"Torrão","Rua 5 de Outubro, 13 7595-111 Torrão",265669112,265669025,"ahbvtorrao@sapo.pt",,"Alcácer do Sal",,
1524,"Santo André","ZIL - II, Lote 1 7500-220 Vila Nova De Santo André",269708740,269708749,"ahbvsa.comando@gmail.com",,"Santiago do Cacém",,
1525,"Alvalade","Av. 5 de Outubro-7565 Alvalade",269595117,269599037,,,"Santiago do Cacém",,
1526,"Amora","EN 10 Muxito - Cruz de Pau 2845000 Amora",212249538,212240538,,,"Seixal",,
1612,"Melgaço","Largo Hermenegildo Solheiro 4960-551 Melgaço",251402599,251404628,"bvmelgaco@hotmail.com",,"Melgaço",,
1611,"Vila Nova de Cerveira","Largo dos Bombeiros 4920-262 Vila Nova de Cerveira",251795315,251796550,"bombeiroscerveira@sapo.pt",,"Vila Nova de Cerveira",,
1610,"Ponte da Barca","Rua D. Sá Carneiro 4980-633 Ponte da Barca",258452107,258454311,,,"Ponte da Barca",,
1609,"Paredes de Coura","Rua 25 de Abril 4940-538 Paredes de Coura",251780300,251780309,,,"Paredes de Coura",,
1607,"Vila Praia de Âncora","Rua 5 de Outubro 4910-456 V.P. Âncora",258911125,258911189,"bombeirosvpa@netcabo.pt",,"Caminha",,
1608,"Valença","Rua José Maria Gonçalves 4930-645 Valença",251809000,258809009,"comando.bvvalença@sapo.pt; central.bvvalenca@sapo.pt",,"Valença",,
1606,"Monção","Quinta da Caldeira 4950-421 Monção",251652303,251654362,"geral@bvmoncao.pt","www.bvmoncao.pt","Monção",,
1605,"Caminha","Rua Visconde Sousa Rego 4910-156 Caminha",258719500,258719508,"bombeiroscaminha@gmail.com",,"Caminha",,
1604,"Arcos de Valdevez","Rua Soares Pereira 4970-465 Arcos de Aldevez",258520300,258520301,"bvavv@sapo.pt",,"Arcos de Valdevez",,
1603,"Ponte de Lima","Largo dos Quarteis 4990055 Ponte de Lima",258909200,258909206,"pontedelima@mail.telepac.pt","www.bvpontelima.pt.vu","Ponte de Lima",,
1602,"Viana Castelo Voluntários","Rua Dos Bombeiros 4900 - 533Viana do Castelo",258800840,258800849,"ahbvvc@simplesnet.pt",,"Viana do Castelo",,
1601,"Viana Castelo Municipais","Rua de S. Vicente - Meadela 4900-204 Viana do Castelo",258840400,258840400,"municipaisviana@oninet.pt",,"Viana do Castelo",,
1521,"Águas de Moura","Av. da Liberdade Apart. 36 - 2965-575 Águas de Moura",265938220,265938225,"comando@bvam.pt","www.bvam.pt","Palmela",,
1522,"Canha","Rua António Sérgio - 2985001 Canha",265897956,265897519,,,"Montijo",,
1519,"Cercal do Alentejo","Rua D. Francisco Beja da Costa 7555-136 Cercal do Alentejo",269948010,269948027,"comandobvcercal@hotmail.pt",,"Santiago do Cacém",,
1514,"Sines","Av. General Humberto Delgado 7520 Sines",269870500,269870505,"bvs.cs@tugamail.pt",,"Sines",,
1515,"Alcochete","Rua do Salineiro - 2890-101 Alcochete",212340229,212349739,"geral.bvalcochete@gmail.com",,"Alcochete",,
1516,"Grândola","Rua da República nº.5, 7570-135 Grândola",269498450,269456116,"comando.bvgrandola@sapo.pt",,"Grândola",,
1517,"Pinhal Novo","Av. Da Liberdade 2955-114 Pinhal Novo",212388440,212388441,"geral@bvpinhalnovo.pt","www.bvpinhalnovo.pt","Palmela",,
1518,"B.P.Portucel","Parque Industrial da Mitrena 2901 Setúbal",265790262,265790615,"carlos.margarido@portucelsoporcel.com",,"Setúbal",,
1506,"Montijo","Av. Bombeiros Voluntários do Montijo 2870-219 Montijo",212301542,212301543,"ahbvmontijo@iol.pt",,"Montijo",,
1507,"Alcácer do Sal","Av. Dos Amadores 151 Alcacer do Sal",265610200,265622487,"info@bvalcacerdosal.pt","www.bvalcacerdosal.pt","Alcácer do Sal",,
1508,"Almada","Rua Cândido Capilé. 13-14 2800043 Almada",212722290,212722299,"bvalmada.sec@sirene.pt",,"Almada",,
1509,"Santiago de Cacém","Rua Ramos da Costa 7540-209 Santiago do Cacém",269825440,269085494,"associacao.sc@netvisao.pt",,"Santiago do Cacém",,
1510,"Barreiro","Av. Da Escola dos Fuzileiros Navais nº.2D 2830-148 Barreiro",212073062,212079686,"bvb-csp-geral@mail.telepac.pt","www.bvbarreiro-csp.net","Barreiro",,
1511,"Trafaria","Pracentados Bombeiros Voluntários 2825-845 Trafaria",212950093,212940142,"direccão@bvtrafaria.com /comando@bvtrafaria.com","www.bvtrafaria.com","Almada",,
1512,"Moita","Rua D. Manuel 2860- Moita",212890044,212890044,"presidente@bvmoita.pt / comando@bvmoita.pt","www.bvmoita.pt","Moita",,
1513,"Palmela","Av. Bombeiros Voluntários 2950-705 Palmela",212336810,212336819,"bvpalmela@netvisao.pt",,"Palmela",,
1505,"Sesimbra","Largo dos Bombeiros 297-970 Sesimbra",212288450,212230599,"comando.abvs@ptnetbiz.pt",,"Sesimbra",,
1504,"Barreiro Sul e Sueste","Parque Empresarial do Barreiro - Largo Alexandre Herculano Rua 44, nº 65 - 2831-904 Barreiro",212073032,212070978,"comando@bvsulesueste.pt","www.bvsulesueste.pt","Barreiro",,
1502,"Setúbal Voluntários","Rua João de Deus nº. 1 2900-142 Setúbal",265538090,265238914,"bvsetubal@bvsetubal.pt","www.bvsetubal.pt","Setúbal",,
1503,"Cacilhas","Av. Aliança Povo/ MFA - Cacilhas 2800-253 Almada",212722520,212722528,"bombeiros.cacilhas@clix.pt","www.bvcacilhas.pt","Almada",,
1501,"Setúbal Sapadores","Estrada de Algeruz 2910 -279 Setúbal",265739330,265739347,"geral@sapadoressetubal.com","www.sapadoressetubal.com","Setúbal",,
1428,"Fátima","Av.D. José A.Correia. da Silva 326-330 2496-908 Fátima",249533589,249534226,"bombeirosfatima@sapo.pt",,"Ourém",,
1413,"Cartaxo Municipais","Rua Serpa Pinto 2070-116 Cartaxo",243700800,243700808,"bmcartaxo@gmail.com",,"Cartaxo",,
1414,"Mação","Largo dos Bombeiros Voluntários 6120-732 Mação",241519000,241519001,"bombeirosmacao@gmail.com",,"Mação",,
1415,"Alcanena Municipais","Rua Comandante Mário Branco Madeira 2380048 Alcanena",249887200,249887209,"bombeiros.alcanena@sapo.pt",,"Alcanena",,
1416,"Golegã","Largo do Parque do Campismo 2150-198 Golegã",249979070,249979079,"bvgcomando@sapo.pt",,"Golegã",,
1417,"Ferreira do Zêzere","Rua Alfredo Keil, 14 2240-346 Ferreira do ZÃªzere",249361180,249362022,"ahbvfz@mail.telepac.pt / comando-bvfz2mail.telepac.pt","ahbvfz@mail.telepac.pt / comando-bvfz2mail.telepac.pt","Ferreira do Zêzere",,
1418,"Entroncamento","Rua Brigadeiro Lino Dias Valente, 16 2330-103 Entroncamento",249726261,249717339,"direccao.bve@mail.telepac.pt / comando.bve@mail.telepac.pt",,"Entroncamento",,
1419,"Alpiarça Municipais","Rua dos Bombeiros e da Musica 2090070 Alpiarça",243558122,243556242,,,"Alpiarça",,
1427,"Alcanede","Rua da Arca 2025033 Alcanede",243409200,243409207,"bvalcanede@sapo.pt",,"Santarém",,
1426,"Samora Correia","Av. Egas Moniz 2135 232 Samora Correia",263651122,263654744,"opbvsc@hotmail.com",,"Benavente",,
1425,"Caxarias","Rua dos Bombeiros Voluntários nº.5 2435-123 Caxarias",249574456,249574409,"geral@bombeiroscaxarias.pt","www.bombeiroscaxarias.pt","Ourém",,
1423,"Minde","Largo dos Bombeiros 2395-129 Minde",249840122,249840670,"bvminde.geral@mail.telepac.pt",,"Alcanena",,
1422,"Sardoal Municipais","Tapada de Torre 2230-161 Sardoal",241850050,241855390,"bmsardoal@iol.pt",,"Sardoal",,
1424,"Pernes","Terra Fria Apartado 14 2001-701 Pernes",243440500,243440501,"bvpernes@mail.telepac.pt",,"Santarém",,
1420,"Almeirim","Rua Condessa da Junqueira 2080069 Almeirim",243592122,243592742,"bvalmeirim@vizzavi.pt","http://www.bombeirosalmeirim.pt/","Almeirim",,
1421,"Chamusquenses","Largo da República 3 2140 133 Chamusca",249769220,249769229,,,"Chamusca",,
1412,"Salvaterra de Magos","Rua 25 de Abril 2120073 Salvaterra de Magos",263504463,263504464,"geral@bvsm.pt","http://www.bvsm.pt/","Salvaterra de Magos",,
1411,"Torrejanos","Av. Dos Bombeiros Voluntários Torrejanos 2350-650 Torres Novas",249839550,249839558,"comando.bvtn@mail.telepac.pt",,"Torres Novas",,
1410,"Coruche Municipais","Rua dos Bombeiros Municipais 2100-179 Coruche",243610260,243610269,"presidencia@cm-coruche.pt",,"Coruche",,
1409,"Vila Nova da Barquinha","Rua Alfredo Martinho da Fonseca 2260-415 Vila Nova da Barquinha",249710629,249710973,,,"Vila Nova da Barquinha",,
1408,"Constância","Estrada Nacional 3 2250022 Constância",249739241,249739359,"bombeirosconstancia@mail.telepac.pt",,"Constância",,
1405,"Rio Maior","Largo dos Bombeiros 2040-998 Rio Maior",243999510,243999519,"cmdtbvriomaior@mail.telepac.pt",,"Rio Maior",,
1406,"Vila Nova de Ourém","Av. D. Nuno Alvares Pereira 2490-486 Vila Nova de Ourém",249540500,249540508,"cbourem@mail.telepac.pt",,"Ourém",,
1407,"Tomar Municipais","Rua de St. Iria 2300-475 Tomar",249329140,249329141,"bmt@mail.telepac.pt",,"Tomar",,
1404,"Benavente","Av. D. Antonio Francisco J. Calheiros Lopes 2130014 BenAv.ente",263516335,263519798,"bvbenavente.comando@mail.telepac.pt",,"Benavente",,
1403,"Santarém Voluntários","Av. Prof. Doutor Joaquim Veríssimo Serrão Apartado 11 - 2001-901 Santarém",243377900,243377904,"bvsantarem@sapo.pt",,"Santarém",,
1402,"A.Municipais","Av. D. João I, 2200-233 Abrantes",241360670,241365271,"bombeirosabrantes@gmail.com",,"Abrantes",,
1401,"Santarém Municipais","Rua Zeferino Brandão 2000032 Santarém",243333122,243333567,"bms@cm-santarem.pt",,"Santarém",,
1344,"Pedrouços","Rua Luís de Camões, 139 4425-666 Pedrouços",229012744,229014677,"comando@ahbvpedroucos.pt",,"Maia",,
1341,"Melres","Rua do Toumil, 6 4515-598 Melres",224760640,224760421,"bombeirosmelres@iol.pt",,"Gondomar",,
1342,"S. Marinha do Zêzere","Rua 20 de Junho Apartado 11 4640-908 Santa Marinha do Zêzere",254882544,254881251,"bssmz-direccao@mail.telepac.pt",,"Baião",,
1343,"Crestuma","Rua da Azenha 4415-575 Crestuma",227634999,227634998,"Direccao@BVCrestuma.org","www.bvcrestuma.org","Vila Nova de Gaia",,
1340,"Vila Meã","Rua 5 de Outubro Ataíde 4605-378 Vila Meã",255732222,255733101,"bvila_mea@portugalmail.pt",,"Amarante",,
1338,"Rebordosa","Av. Bombeiros Voluntários Apart. 39 4589-907 Rebordosa",224157440,224157449,"bombeiros.rebordosa@mail.telepac.pt",,"Paredes",,
1339,"São Pedro da Cova","Rua de S. Pedro 4510- 430",224664380,224664389,"vols.pc@gmail.com",,"Gondomar",,
1337,"Vila das Aves","Rua do Bombeiro Voluntário, 350 4795044 Vila das Aves",252820700,252820709,"bombaves@iol.pt",,"Santo Tirso",,
1336,"Trofa","Rua de D. Pedro V 4785-306 Trofa",252473000,252400709,"secretaria.bvtrofa@mail.telepc.pt",,"Trofa",,
1334,"Baião","Rua de Camões 4640-147 Baião",255541231,255541719,"bvbaiao@iol.pt",,"Baião",,
1335,"Lordelo","Av. Bombeiros Voluntários 4584-908 nº.146 Lordelo",224447777,224447779,"bv.lordelo@clix.pt",,"Paredes",,
1333,"Paço de Sousa","Av. Barão Lourenço Martins 4560-382 Paço de Sousa",255752228,255754131,"geral@bvpacodesousa.pt",,"Penafiel",,
1332,"Leça do Balio","Rua dos Bombeiros Vol. Apartado. 2002 4466-801 Leça do Balio",229511330,229533705,"bombeiros.l.balio@clix.pt",,"Matosinhos",,
1331,"Avintes","Rua 5 de Outubro 4430-796 Avintes - V. nº. de Gaia",227820230,227841217,"geral@bvavintes.com","www.bvavintes.com","Vila Nova de Gaia",,
1329,"Leixões","Rua Augusto Gomes, 368 - 486 4450053 Matosinhos",229380018,229380004,"bvleixoes@mail.telepac.pt",,"Matosinhos",,
1330,"Paços de Ferreira","Av. D.Nicolau Carneiro 4590-514 Paços de Ferreira",255965339,255964860,"bv.pacosdeferreira@sapo.pt","www.ahbvpf.com","Paços de Ferreira",,
1327,"Lousada","Rua Dos Bombeiros Voluntários, nº. 52 4620-652 Lousada",255912119,255812819,,,"Lousada",,
1328,"Freamunde","Rua Prof. Albino Matos, 40- apartado 60 4594-908 Freamunde",255879115,255870115,"bombeiros.freamunde@clix.pt",,"Paços de Ferreira",,
1321,"Aguda","Praça N. Sra. Nazaré, Praia da Aguda, 4405009 Arcozelo VNG",227620030,227531589,"bvaguda@bvaguda.pt","www.bvaguda.pt","Vila Nova de Gaia",,
1322,"Cête","Belo Horizonte 4580-311 Cête",255752222,255754143,"comandantebvc@sapo.pt",,"Paredes",,
1323,"Moreira da Maia","Rua D. Farinhote, 1296 4470-602 Moreira da Maia",229421002,229412046,"moreira.maia@sapo.pt",,"Maia",,
1324,"Valbom","Rua dos Bombeiros Voluntários 4420-386 Valbom GDM",224830041,224833055,"bvvalbom.secretaria@gmail.com","http://www.bvvalbom.com","Gondomar",,
1325,"Baltar","Lugar do Tanque S/N 4585059 Baltar",224153434,224159615,"bvbaltar@sapo.pt",,"Paredes",,
1326,"Tirsenses","Av. Sousa Cruz 4780-365 Santo Tirso",252830500,252830509,"tirsenses@mail.telepac.pt","www.ahbvt-amarelos.org","Santo Tirso",,
1320,"Marco de Canaveses","Av. Gago Countinho, 553 - Apartado 98 4634-909 Marco de Canaveses",255534115,255531305,"bvmcn@mail.telepac.pt",,"Marco de Canaveses",,
1319,"Entre os Rios","Av. Principal 4575-218 Entre os Rios",255615337,255613393,"entre.rios.bombeiros.rios@mail.telepac.pt","http://www.bverios.pt","Penafiel",,
1318,"Rio Tinto","Rua D. Filipa Lencastre 4435-254 Rio Tinto",229730016,229759663,"bvart.comando@gmail.pt","www.bvart.pt","Gondomar",,
1317,"Ermesinde","Rua 5 de Outubro, 1002 4445-310 Ermesinde",229710029,229710023,"bvee@clix.pt","www.bve.pt","Valongo",,
1316,"Amarante","Av. 1.º Maio - S. Gonçalo 4600 013 Amarante",255422718,255431255,"bvamarante@clix.pt",,"Amarante",,
1314,"Valadares","Largo António Pereira (Tamanco) 4405-536 Valadares",227110007,227113644,"geral@bvvaladares.com","www.bvvaladares.com","Vila Nova de Gaia",,
1312,"Vila do Conde","Rua D. Sancho I 4480-876 Vila do Conde",252640600,252640608,"comando@bvvc.pt","comando@bvvc.pt","Vila do Conde",41.36559,-8.73998
1313,"Gondomar","Rua 5 de Outubro, 68 4420086 S. Cosme Gondomar",224830243,224646427,"secretaria@bvgondomar.com","www.bvgondomar.com","Gondomar",,
1311,"Carvalhos","Rua Gonçalves de Castro 4415-378 Carvalhos",227842140,227842215,"bvcarvalhosdireccao@sapo.pt","www.bvcarvalhos.pt","Vila Nova de Gaia",,
1310,"Coimbrões","Rua Bombeiros Voluntários de Coimbrões, 445 4400057 Coimbrões",223793511,223710411,"comando@bvcoimbroes.pt","www.bvcoimbroes.pt","Vila Nova de Gaia",,
1309,"Felgueiras","Rua Costa Guimarães 4610-135 Felgueiras",255926666,255313196,,,"Felgueiras",,
1308,"Valongo","Av. 5 de Outubro Apart. 33 4440-503 Valongo",224220002,224224392,"bombeirosvalongo@gmail.com, comando@bvv.pt","www.bvv.pt","Valongo",,
1307,"Lixa","Av. República Vila Cova da Lixa 4615 076 Lixa",255491115,255494917,"bvlixa@sapo.pt",,"Felgueiras",,
1306,"Paredes","Av. Bombeiros Voluntários Apart. 31 4580053 Paredes",255788788,255783168,"operacional@bvparedes.com","www.bvparedes.com","Paredes",,
1305,"Penafiel","Largo dos Bombeiros Vol. Apart. 47 4564-909 Penafiel",255212122,255212107,"bvpenafiel@mail.telepac.pt",,"Penafiel",,
1303,"Póvoa de Varzim","Rua Arquitecto Ventura Terra 4490-549 Póvoa de Varzim",252291500,252291509,"comando.bvpv@mail.telepac.pt",,"Póvoa de Varzim",,
1301,"Gaia Sapadores","Av. da Vasco da Gama, 930 4405-630 V. N. Gaia",223752424,223778090,"bmbpc@cm-gaia.pt",,"Vila Nova de Gaia",,
1302,"Matosinhos-Leça","Av. D. Antunes Guimarães 4450-621 Leça da Palmeira Matosinhos",229984190,229984199,"comando.bvml@iol.pt",,"Matosinhos",,
1212,"Sousel","Estrada da Circunvalação 7470-210 Sousel",268550030,268551385,"geral@bvsousel.pt","www.bvsousel.pt","Sousel",,
1213,"Monforte","Estrada da Circunvalação 7450-106 Monforte",245573420,245573490,,,"Monforte",,
1214,"Fronteira","Av. Heróis dos Atoleiros nº.54 7460-101 Fronteira",245604500,245605422,"bombeirosvfronteira@mail.telepac.pt","www.bvfronteira.pt","Fronteira",,
1215,"B.P.Robinson","Largo do Jardim Operário nº.5 7300- 096 Portalegre",245301680,245330412,"corticeirarobinson@clix.pt",,"Portalegre",,
1216,"Marvão","Outeiros 7330-215 Sto. António das Areias",245920135,245920137,,,"Marvão",,
1207,"Alter do Chão","Rua do Comércio 7440066 Alter do Chão",245612314,245612033,"bombeirosalter@sapo.pt",,"Alter do Chão",,
1208,"Crato","EN 245 7430-122 Crato",245990030,245997322,,,"Crato",,
1209,"Campo Maior","Av. Bombeiros Voluntários 7370-171 Campo Maior",268686227,268680412,"c.maior@mail.telepac.pt",,"Campo Maior",,
1210,"Avis","Bairro Bico Forte 7480-106 Avis",242412155,242412175,"ahbvavisenses@mail.telepac.pt",,"Avis",,
1211,"Arronches","Rua Movimento Forças Armadas 7340034 Arronches",245583274,245582194,,,"Arronches",,
1206,"Gavião Municipais","Rua da Fonte Nova, Apartado 22 6040056 Gavião",241632359,241632359,"bmgaviao@sapo.pt",,"Gavião",,
1147,"Caneças","Rua Das Ribeiras nº. 124 2675 Odivelas",219801292,219816160,"geral.bir@ahbvc.pt","http://www.ahbvc.pt","Odivelas",,
1148,"Pontinha","Estrada da Paiã, Pinhal da Paiã 1675 Pontinha",214787210,214787219,"europa@netcabo.pt",,"Lisboa",,
1149,"Merceana","Rua dos Bombeiros Voluntários 2585 Merceana",263766010,263760470,"bvmerceana@sapo.pt",,"Alenquer",,
1150,"Montelavar","Rua Maestro Alferes Álvaro Augusto de Sousa 2715 MontelAv.ar",219271090,219672365,"bvmontelavar@dizzavi.pt",,"Sintra",,
1151,"OGMA",,,,,,,,
1201,"Portalegre","Av. da Estremadura Espanhola 7300- 051 Portalegre",245309300,245309314,"ass.bombeiros.ptg@mail.telepac.pt",,"Portalegre",,
1202,"Castelo de Vide","Estrada Nacional 246-1 7320-999 Castelo de Vide",245901444,245901682,"bvcastelovide@sapo.pt",,"Castelo de Vide",,
1203,"Ponte de Sôr","Av. Manuel Pires Filipe 7400-223 Ponte de Sôr",242292160,242292168,"bombeirosor@hotmail.com",,"Ponte de Sôr",,
1204,"Elvas","Rua Bombeiros Voluntários 7350099 Elvas",268636320,268622207,"bombeiros.elvasl@mail.telepac.pt",,"Elvas",,
1205,"Nisa","Rua D. Cruz Malpique 6050-341 Nisa",245412303,245412303,,,"Nisa",,
1146,"Vialonga","Rua Nossa Senhora da Assunção nº.9 2625-680 Vialonga",219527319,219527319,"Ahbvv.comando@mail.telepac.pt",,"Vila Franca de Xira",,
1145,"Castanheira do Ribatejo","Rua da Cevadeira nº.18 2600 Castanheira do Ribatejo",263286830,263286839,"comando.bombeiros.cast.ribatejo@gmail.com",,"Vila Franca de Xira",,
1144,"Algueirão","Rua Professor D. Joaquim Fortes 2725-343 Algueirão",219228500,219228508,"secretaria.comando@bvamm.pt",,"Sintra",,
1143,"Malveira","Rua dos Bombeiros Voluntários 2665-213 Malveira",219862561,219661159,"bvmalveira@iol.pt",,"Mafra",,
1142,"Póvoa St. Iria","Av. D. Vicente Valente 2625-215 Póvoa de Santa Iria",219590032,219591697,"comando.psi@gmail.com",,"Vila Franca de xira",,
1141,"Alenquer","Urbanização do Brandão - Rua A 2580-355 Alenquer",263711309,263480139,"bvalenquer@iol.pt",,"Alenquer",,
1137,"Ericeira","EN 247 Alto da Boa Viagem 2655 Ericeira",261866500,261864961,"e.@mail.telepac.pt",,"Mafra",,
1138,"Agualva Cacém","Largo. Da República 2735-169 Agualva-Cacém",219140045,219133939,"direccao.abvac@netcabo.pt, comando.abvac@gmail.com","www.abvac.pt","Sintra",,
1139,"Azambuja","Rua José R Vides 8, Azambuja 2050-334 Azambuja",263400190,263401653,,,"Azambuja",,
1140,"Alcoentre","Largo D. Afonso Oliveira Guimarães nº. 2 2065021 Alcoentre",263480133,263480139,"alcoentre@hotmail.com",,"Azambuja",,
1135,"Fanhões","Rua Manuel D.Almeida Rodrigues Manta 2670-718 Fanhões",219738640,219749755,"bvfanhoes@sapo.pt",,"Loures",,
1136,"Zambujal","Rua dos Bombeiros Voluntários nº. 9 2670 Zambujal",219749110,219730131,"comandante.ahbvz@iol.pt",,"Loures",,
1123,"Sobral do Monte Agraço","Rua Francisco Lázaro 2590019 Sobral Monte Agraço",261941815,261941411,"smpcsobral@sapo.pt","www.bvsobral.com","Sobral de Monte Agraço",,
1134,"Lourinhã","Largo da República 2530 Lourinhã",261419500,261423262,"comando@bvlourinha.org",,"Lourinhã",,
1133,"Mafra","Av. 25 de Abril 2640-456 Mafra",261812100,,"bvmafra@clix.pt",,"Mafra",,
1132,"Moscavide","Largo dos Bombeiros Voluntários 1885018 Moscavide",219458640,219444738,"bvmp@mail.telepac.pt",,"Loures",,
1124,"Cadaval","Av. dos Bombeiros Voluntários nº.19/21 2550-102 Cadaval",262699110,262699119,"bombeiros.voluntarios.cadaval@netvisão.pt",,"Cadaval",,
1119,"São Pedro de Sintra","Rua Álvaro Reis, nº.12 2710-526São Pedro de Sintra",219249600,219242258,"pedroen@sapo.pt",,"Sintra",,
1120,"Carcavelos","Rua dos Bombeiros Voluntários de Carcavelos 2775-694 Carcavelos",214582107,214582155,"teresa.noronha@abvcsdr.com",,"Cascais",,
1121,"Dafundo","Av. Duque de Loulé Edificio Bombeiros 2795-118 Linda a Velha",214146410,214141343,"corpo.bombeiros@bombeiro-dafundo.mail.pt",,"Oeiras",,
1122,"Carnaxide","Rua Manuel Teixeira Gomes 2795-105 Carnaxide",214180832,214173867,"direccao@bvcarnaxide.pt","www.bvcarnaxide.pt","Oeiras",,
1118,"Amadora","Rua Elias Garcia nº.131 2700-316 Amadora",214941034,214932303,"sec.comando@bvamadora.pt","www.bvamadora.pt","Amadora",,
1117,"Torres Vedras","Rua Manuel César Candeias 2560-265 Torres Vedras",261327150,261327151,"geral@bvtorresvedras.pt","www.bvtorresvedras.pt","Torres Vedras",,
1116,"Algés","Av. dos Bombeiros Voluntários de Algés nº.18 1495019 Algés",214103042,214123901,,,"Oeiras",,
1114,"Sacavém","Rua Cidade de Goa Apartado 1 2685068 Sacavém",219427910,219427918,"bv.sacavem.comando@sirene.pt",,"Sacavém",,
1115,"Alhandra","Rua Vasco da Gama, nº. 58 2600-529 Alhandra",219500021,219519029,"comando@bombeirosdealhandra.com.pt",,"Vila Franca de Xira",,
1113,"Odivelas","Rua dos Bombeiros Voluntários 2675-305 Odivelas",219348290,219340916,"bombeiros.odivelas@bvodivelas.com","www.bvodivelas.com","Odivelas",,
1112,"Almoçageme","Av. D. Brandão de Vasconcelos, 82 - Almoçageme 2705018 Colares",219288173,219291973,"secretaria@bvalmocageme.pt",,"Sintra",,
1107,"Sintra","Av. Aviação Portuguesa 2710-536 Sintra",219236200,219236207,"sgeral@abvsintra.pt","www.abvsintra.pt","Sintra",,
1108,"Linda-a-Pastora","Av. Tomas Ribeiro - Linda-a-Pastora 2790-468 Queijas",214170486,214170017,"secretaria-bvlp@netcabo.pt",,"Oeiras",,
1109,"Bucelas","Largo dos Bombeiros Voluntários nº.4 2670-636 Bucelas",219694007,219680693,"bv.bucelas@mail.telepac.pt",,"Loures",,
1110,"Oeiras","Rua Comandante Cordeiro Castanheira 2780-228 Oeiras",214409600,214409605,"bvoeiras@netcabo.pt",,"Oeiras",,
1111,"Paço de Arcos","Rua do Parque Desportivo, 15 – 2770-132 Paço de Arcos",214409670,214409679,"comando@bvpacodearcos.pt","www.bvpacodearcos.pt","Oeiras",,
1106,"Colares","Av. dos Bombeiros Voluntáriosnº. 10 2705-180 Colares",219291016,219283037,"info@bvcolares.com",,"Sintra",,
1102,"Vila Franca de Xira","Rua António L Baptista 2600-102 Vila Franca de Xira",263280650,263280659,"bv.vfx.comando@mail.telepac.pt",,"Vila Franca de Xira",,
1103,"Cascais","Av. Eng. Adelino Amaro da Costa 2750-279 Cascais",214838080,214828404,"geral@ahbvc.org.pt","www.ahbvc.org.pt/","Cascais",,
1104,"Loures","Rua Guilherme Henrique Soromenho 2670-430 Loures",219839999,219839991,"dir.bvloures@netcabo.pt","www.bv-loures.pt","Loures",,
1105,"Arruda dos Vinhos","Rua Luis de Camões 2630 Arruda dos Vinhos",263975684,263975684,"bombeirosavinhos@hotmail.com",,"Arruda dos Vinhos",,
1025,"Ortigosa","Rua Encarnação Pinto Mota, nº. 578 2425-734 Ortigosa",244614700,244614700,,,"Leiria",,
1101,"Barcarena","Travessa Alípio Seco 2745-421 Barcarena",214213900,214213860,"bvbarcarenacomando1@clix.pt",,"Oeiras",,
201,"Beja","Av. Fialho de Almeida nº.30 7800-395 Beja",284311660,284321860,"bvb_beja@mail.telepac.pt",,"Beja",,
202,"Odemira","Estrada Nacional 123 - Apart. 125 7630-909 Odemira",283320800,283320809,"gabcomando_bvo@iol.pt",,"Odemira",,
203,"Moura","Av. Bombeiros Voluntários de Moura 7860-107 Moura",285250250,285250259,"bvmouracom@iol.pt","http://www.bvmoura.com/","Moura",,
204,"Aljustrel","Largo 31 de Janeiro 7600053 Aljustrel",284602172,284601452,"bvaljustrel.com@sirene.pt",,"Aljustrel",,
205,"Alvito","Av. dos Bombeiros Voluntários 7920011 Alvito",284480780,284480789,"bvalvito@sapo.pt",,"Alvito",,
206,"Cuba","Rossio de S. Brás 7940 CUBA",284419060,284415350,"geral.bvcuba@mail.telepac.pt",,"Cuba",,
207,"Ferreira do Alentejo","Largo dos Bombeiros Voluntários Apartado 34 7900-909 Ferreira do Alentejo",284738820,284738829,"abvfa@net.sapo.pt",,"Ferreira do Alentejo",,
208,"Mértola","Av. dos Bombeiros Apartado 11 7750-909 Mértola",286610010,286610011,"bvmertola@sapo.pt",,"Mértola",,
209,"Almodôvar","Rua da Ponte Romana 7700040 Almodôvar",286660140,286665460,"bvalmodovar@mail.telepac.pt",,"Almodôvar",,
210,"Ourique","Rua dos Bombeiros Voluntários de Ourique 7670-262 Ourique",286510580,286510589,"bombeirosvourique@mail.telepac.pt",,"Ourique",,
211,"Serpa","Av. dos Bombeiros Voluntários (Zona Industrial) 7830-439 Serpa",284540030,284540039,"bv.serpa-central@sapo.pt",,"Serpa",,
212,"Barrancos","Rua das Fontainhas nº.1 7230018 Barrancos",285950600,285950609,"bombeirosvbarrancos@mail.telepac.pt",,"Barrancos",,
213,"Castro Verde","Rua da Seara Nova, nº.1 7780-163 Castro Verde",286320020,286320029,"bvcastroverde@mail.telepac.pt",,"Castro Verde",,
214,"Vidigueira","Estrada da Circunvalação 7960-212 Vidigueira",284437000,284437009,"bvvidigueira@iol.pt","http://www.bvvidigueira.org/","Vidigueira",,
215,"Vila Nova de MilFontes","Bairro Monte Vistoso - 7645 Vila Nova de Milfontes",283996620,,"comando.bvmilfontes@sapo.pt","http://bvmilfontes.com/","Odemira",,
301,"C.S.B. Braga","Rua do Ferraz 4700-380 Braga",253264077,253613389,,,"Braga",,
302,"Braga","Largo Paulo Orósio 4700036 Braga",253200430,253215546,,,"Braga",,
303,"Guimarães","Alameda D. Alfredo Pimenta Apartado 161 4810-420 Guimarães",253515444,253408332,,"http://www.bv-guimaraes.org/","Guimarães",,
304,"Vizela","Av. dos Bombeiros Voluntários, Apartado 1 4815-901 Caldas de Vizela",253489100,253489104,"comandovizela@iol.pt",,"Vizela",,
305,"Barcelos","Av. D. Sidónio Pais, 67/77 Apartado 242 4754-909 Barcelos",253802050,253802055,"bvbarcelos@iol.pt","www.bvbarcelos.pt","Barcelos",,
306,"Caldas das Taipas","Rua Nova dos Bombeiros 4800-388 Caldas das Taipas",253577114,253578670,"secretaria@bvtaipas.com","http://www.bvtaipas.com/","Guimarães",,
307,"Fafe","Av. do Brasil, nº. 121 4820-121 Fafe",253598111,253598618,"geral@bvfafe.pt","www.bvfafe.pt","Fafe",,
308,"Famalicão","Av. Rebelo Mesquita, nº. 136 Apartado 128 4760013 V.N.Famalicão",252301112,252301119,"bvfamalicao.secretaria@sirene.pt","www.bvfamalicao.org","Vila Nova de Famalicão",,
309,"Esposende","Rua dos Bombeiros 4740-230 Esposende",253969110,253965144,"esposende@portugalmail.pt",,"Esposende",,
310,"Póvoa de Lanhoso","Av. República 4830-513 Póvoa do Lanhoso",253639240,253633995,,,"Póvoa de Lanhoso",,
311,"Amares","Rua dos Bombeiros nº.2 4720 -388 Ferreiros",253993162,253993569,"bvamares@sapo.pt",,"Amares",,
312,"Barcelinhos","Largo Guilherme Gomes Fernandes 4755060 Barcelinhos",253839709,253839709,"cvspb@iol.pt",,"Barcelos",,
313,"Vila Verde","Av. dos Combatentes da Guerra Colonial-4730064 Vila Verde",253310390,253312434,"bv.vilaverde@mail.telepac.pt","http://www.bv-vilaverde.org/","Vila Verde",,
314,"Fão","Largo Avelino Pires Carneiro 4740-328 Fão",253981189,253981240,"secretaria@bvfao.com","http://www.bvfao.com/","Esposende",,
315,"Celoricenses","Av. João P Ribeiro Britelo, 4890-221 Celorico de Basto",255321223,255322110,,,"Celorico de Basto",,
316,"Famalicenses","Av. D. Carlos Bacelar-Apartado 106 4764-901- Vila Nova de Famalicão",252322055,252330209,"bvfamalicenses@netcabo.pt",,"Vila Nova de Famalicão",,
1017,"Pedrogão Grande","Rua D. Júlio Baeta Rebelo 3270-116 Pedrogão Grande",236486122,236486225,"bvpg@mail.pt",,"Pedrógão Grande",,
1016,"Ansião","Av. D. Victor Faveiro - Ansião 3240-153 Ansião",236670600,236670609,"cmansiao@gmail.com","www.bombeirosansiao.pt","Ansião",,
1015,"Porto Mós","Rua dos Bombeiros 2480-336 Porto de Mós",244491115,244491003,"bvportodemos@sapo.pt",,"Porto de Mós",,
1013,"Vieira de Leiria","Rua 25 de Abril, nº.2 Vieira de Leiria 2430-778 Vieira de Leiria",244699080,244699081,"bv.vieira@nrt.novis.pt",,"Marinha Grande",,
1014,"Castanheira de Pêra","Rua dos Bombeiros Voluntários, 1 3280035 Castanheira de Pêra",236432555,236432310,"bvcastpera@iol.pt",,"Castanheira de Pêra",,
1011,"Figueiró dos Vinhos","Rua dos Bombeiros 3260-419 Figueiró dos Vinhos",236552122,236553722,"bombeirosvfv@mail.telepac.pt","www.bombeirosfigueirodosvinhos.pt","Figueiró dos Vinhos",,
1012,"Alvaiázere","Rua dos Bombeiros Voluntários 3250-163 Alvaíazere",236650510,236650519,"bvavz@mail.telepac.pt",,"Alvaiázere",,
1008,"Óbidos","Estrada Nacional 8 2510082 Óbidos",262959144,262959700,"comando@bombeirosdeobidos.pt","www.bombeirosdeobidos.pt","Óbidos",,
1009,"Nazaré","Estrada Nacional 242 km 34 2450-138 Nazaré",262561300,262562126,"bvncomando@netvisao.pt",,"Nazaré",,
1010,"Peniche","Av. do Porto de Pesca 2520-208 Peniche",262780000,262780001,"abv.ol.peniche@mail.telepac.pt",,"Peniche",,
1003,"Caldas da Rainha","Rua 31 de Janeiro 2500-118 Caldas da Rainha",262840550,262840551,"bvcrcomando@mail.telepac.pt",,"Caldas da Rainha",,
1004,"Marinha Grande","Rua dos Bombeiros Voluntários 2430-400 Marinha Grande",244575112,244575119,"geral@bv-mg.com","www.bv-mg.com","Marinha Grande",,
1002,"Leiria Municipais","Rua do Tomar 2414006 Leiria",244813033,244815669,"bombmunicleiria@mail.pol..pt",,"Leiria",,
922,"Vila Franca das Naves","Rua das NAv.es 6420-728",271881275,271886118,"bombeirosvfnaves@mail.telepac.pt",,"Trancoso",,
923,"Famalicão da Serra","Largo do Pombinho 6300-100 Famalicão - Guarda",275487700,275487048,"bombeirosdefamalicao@gmail.com",,"Guarda",,
1001,"Alcobaça","Rua dos Bombeiros Voluntários 2461-997 Alcobaça",262505300,262505309,"bvalcobaca@iol.pt",,"Alcobaça",,
105,"Oliveira de Azeméis","Rua dos Bombeiros Voluntários 3720-532 Oliveira de Azeméis",256682122,256600678,"comando@bombeirosazemeis.com","www.bombeirosazemeis.com","Oliveira de Azeméis",,
106,"Aveiro Novos","Largo Capitao Maia Magalhaes 3800-124 Aveiro",234422333,234423786,"gabinetedecomando@bombeirosnovos.pt",,"Aveiro",,
921,"Gonçalo","Rua 1º de Maio 6300 - 115",275434228,275431101,,,"Guarda",,
917,"São Romão","Av. dos Bombeiros Voluntários nº.4 6270 S.Romão",238310220,238310225,"secretaria@bvsaoromao.pt",,"Seia",,
918,"Vila Nova de Tazem","Av. D. António Borges nº. 6 6290 - 632",238486162,238494715,,,"Gouveia",,
919,"Soito","Largo das Eiras - Soito 6320 - 170",271601002,271601135,"geral@bombeirosdosoito.com","www.bombeirosdosoito.com","Sabugal",,
920,"Loriga","Rua Volta 6270 - 092 Loriga",238953255,238954092,"geral@bvloriga.pt","www.bvloriga.pt","Seia",,
915,"Aguiar da Beira","Bairro de Stº António",232688444,232688920,,,"Aguiar da Beira",,
916,"Manteigas","Estrada Nacional, 232 6260 - 162",275982333,275982444,,"www.bvmanteigas.com.sapo.pt","Manteigas",,
913,"Folgosinho","Rua dos Bombeiros Voluntários 6290 Folgosinho",238745129,238748025,,,"Gouveia",,
914,"Fornos de Algodres","Urbanização Quintas da Vila 6370-153 Fornos de Algodres",271700700,271703396,"geral@bombeiros-fornosdealgodres.com","www.bombeiros-fornosdealgodres.com","Fornos de Algodres",,
912,"Celorico da Beira","Rua dos Bombeiros Voluntários 6360 - 344",271742777,271741185,,,"Celorico da Beira",,
909,"Vila Nova de Foz Côa","Largo dos Bombeiros Voluntários 5150-55 V.N.Foz Côa",279768100,279768101,"bombeirosfozcoa@sapo.pt","www.bombeirosdefozcoa.blogspot.com","Vila Nova de Foz Côa",,
910,"Seia","Av. 1º de Maio 6270 - 479",238310310,238310318,"ahbvseia@netvisao.com","www.ahbvseia.com","Seia",,
911,"Melo","Av. Brigadeiro Beja Neves, nº. 3 6290 -121",238745130,238745552,,,"Gouveia",,
905,"Figueira de Castelo Rodrigo","Rua Cónego Patrício nº.56 6440 - 121 F.C.Rodrigo",271312405,271313219,"ahbvf@sapo.pt",,"Figueira de Castelo Rodrigo",,
906,"Mêda","Av. Gago C/S Cabral 6430 - 183 Mêda",279882115,279882114,,,"Mêda",,
907,"Trancoso","Rua dos Bombeiros Voluntários 6420029 Trancoso",271811218,271811001,,,"Trancoso",,
908,"Almeida","Rua Oliveira - Almeida 6350 - 123",271574222,271574217,"bvalmeida@mail.pt","www.bvalmeida.pt.vu","Almeida",,
904,"Pinhel","Largo Capitão Azevedo 6400 - 327 Pinhel",271412211,271413589,"geral@bvpinhel.com",,"Pinhel",,
817,"Alcoutim","Bairro do Rossio - 8970 Alcoutim",281540450,281540459,,,"Alcoutim",,
901,"Guarda","Rotunda dos Bombeiros Voluntários 6300 Guarda",271221930,271223529,"info@bombeiros-guarda.com","www.bombeiros-guarda.com","Guarda",,
902,"Sabugal","Av. dos Bombeiros 6320 - 499 Sabugal",271753315,271753635,,,"Sabugal",,
903,"Gouveia","Av. dos Bombeiros Voluntários 6290 - 520 Gouveia",238492138,238492504,"bombeirosdegouveia@hotmail.com","www.bombeirosdegouveia.pt.vu","Gouveia",,
816,"Vila do Bispo","Rua 1º de Maio - 8650-425 Vila do Bispo",282639285,282639786,"bomb.vbispo@clix.pt",,"Vila do Bispo",,
815,"Lagoa","Rua dos Bombeiros Voluntários de Lagoa - 8400-379 Lagoa",282352888,282342572,,,"Lagoa",,
813,"São Bartolomeu de Messines","Rua João de Deus Apart.33 8375-999 S. B. Messines",282339633,282338687,"bvsbm@sapo.pt",,"Silves",,
814,"Albufeira","Rua dos Bombeiros Voluntários 8200009 Albufeira",289586333,289586517,"bvalbufeira@bvalbufeira.pt - comando@bvalbufeira.pt","www.bombeiros-albufeira.com","Albufeira",,
810,"Olhão Municipais","Av. D. Bernardino Silva, nº.27 8700-301 Olhão",289710000,289710007,"geral.bombeiros@cm-olhao.pt","www.cm-olhao.pt","Olhão",,
811,"Monchique","Estrada Nacional 266 - 8550-426 Monchique",282912115,282910006,"bvmonchique@hotmail.com",,"Monchique",,
812,"Aljezur","Rua dos Bombeiros - 8670084 Aljezur",282990140,282990149,"geral@bvaljezur.pt","http://www.bvaljezur.pt","Aljezur",,
807,"Portimão","Rua Bombeiros Voluntários de Portimão - 8500-649 PortimÃ£o",282420130,282420139,"bvportimao@netcabo.pt","bvportimao@netcabo.pt","Portimão",,
808,"Loulé Municipais","Rua Humberto Pacheco - 8100-735 Loulé",289400560,289416706,,,"Loulé",,
809,"São Brás de Alportel","Rua Vasco da Gama 8150- 166São Brás de Alportel",289842666,289841488,"bvsba@net.vodafone.pt",,"São Brás de Alportel",,
806,"Silves","Rua Cruz da Palmeira - 8300-131 Silves",282442411,282444611,"bombeiros.silves-s@sapo.pt",,"Silves",,
802,"Lagos","Rua Bombeiros Voluntários de Lagos- 8600-577 Lagos",282770790,282770799,"cbvlagos@gmail.com","www.bvlagos.pt","Lagos",,
803,"Tavira Municipais","Largo do Cano - 8800-389 Tavira",281322122,281324864,,,"Tavira",,
804,"Vila Real de Santo António","Rua D. Francisco Sá Carneiro - 8900-307 V. Real St. António",281512777,281512989,"ahbvvrsa@clix.pt",,"Vila Real de Santo António",,
805,"Faro","Rua Comandante Francisco Manuel nº.7 - 8000-250 Faro",289823630,289803023,"bvfaro@sapo.pt",,"Faro",,
714,"Viana do Alentejo","Estrada Nacional nº. 257 7090 225 Viana do Alentejo",266953123,266939203,"bombeiros_viana_alentejo@iol.pt",,"Viana do Alentejo",,
801,"Faro Municipais","Rua Cidade Hayward 8000073 Faro",289888000,289888003,,,"Faro",,
713,"Alandroal","Rua D. Manuel Viana XAv.ier Rodrigues 7250-139 Alandroal",268449144,268431097,"bvalandroal@mail.telepac.pt",,"Alandroal",,
710,"Redondo","Largo dos Bombeiros Voluntários de Redondo 7170070 Redondo",266989140,266989147,"bv.redondo@mail.telepac.pt","http://www.bvredondo.com/","Redondo",,
711,"Mourão","Estrada Nacional, 256 7240 Mourão",266586220,266586480,"bombeirosmourao@hotmail.com","Em Construção","Mourão",,
712,"Portel","Horta da Cruz 7220-390 Portel",266619200,266619208,"bvportel@gmail.com",,"Portel",,
709,"Borba","Av. dos Bombeiros Voluntários nº.1 7150-165 Borba",268083980,268841058,"bombeirosborba@clix.pt","http://bombeirosborba.no.sapo.pt/","Borba",,
708,"Mora","Terreiro dos Frades, nº. 7 7490-219 Mora",266409100,266409108,"comando@bvmora.pt","http://www.bvmora.pt/","Mora",,
706,"Reguengos de Monsaraz","Campo 25 de Abril 7200-368 Reguengos de Monsaraz",266502228,266503512,"bvreguengos@mail.telepac.pt","http://www.bombeiros-reguengos.pt","Reguengos de Monsaraz",,
707,"Vila Viçosa","Parque industrial L.64 7160-999 Vila Viçosa",268889160,268889167,"bombeirosvvv@mail.telepac.pt","http://www.bombeirosvilavicosa.pt/","Vila Viçosa",,
704,"Estremoz","Av. D. Marques Crespo 7100-101 Estremoz",268336073,268337361,"bombeiros.estremoz@mail.telepac.pt",,"Estremoz",,
705,"Arraiolos","Loteamento Cruz da Barreta, Lote 3 e 4 7040060 Arraiolos",266490050,266490059,"bvarraiolos@clix.pt",,"Arraiolos",,
703,"Montemor-o-Novo","Largo. Prof.Bento Jesus Caraça 7050-112 Montemor-o-Novo",266899180,266899188,"bombeirosnovo@netvisao.pt",,"Montemor-o-Novo",,
701,"Évora","Av. dos Bombeiros Voluntários 7000-754 Évora",266702122,266744398,"bve@mail.evora.net","http://www.evora.net/bve/","Évora",,
702,"Vendas Novas","Largo dos Bombeiros Voluntários 7080093 Vendas Novas",265807170,265807181,"ahbvvn@sapo.pt","http://bvvn.net/","Vendas Novas",,
622,"Penela","Rua Nossa Senhora da Conceição nº.24 3230 -289 Penela",239560100,239560108,"geral@bvpenela.pt","www.bvpenela.pt","Penela",,
623,"Mira","Rua dos Bombeiros Voluntários 3070-331 Mira",231480760,231480679,"geral@bvmira.pt","www.bvmira.pt","Mira",,
624,"Serpins","Apartado 17 3201-908 Serpins",239970000,239970001,"comando.bvserpins@sapo.pt",,"Lousã",,
620,"Coja","Rua D. Alberto Mora Pinto 3305-142 Coja",235721122,235721522,"bvcoja.geral@mail.telepac.pt",,"Arganil",,
621,"Pampilhosa da Serra","Av. Bombeiros Voluntários 3320-238 Pampilhosa da Serra",235594322,235594797,"bvpampilhosa@sapo.pt","http://abvps.com.sapo.pt/","Pampilhosa da Serra",,
618,"Vila Nova de Poiares","Av. Bombeiros Voluntários - Apartado 4 3351-909 Vila Nova de Poiares",239429010,239429019,"ahbvp@iol.pt",,"Vila Nova de Poiares",,
619,"Góis","Av. Comandante Baeta Neves 3330-316 Góis",235771522,235772489,"japcg@clix.pt",,"Góis",,
614,"Tábua","Rua D. Francisco Beirão 3420-325 Tábua",235412001,235412489,,,"Tábua",,
615,"Brasfemes","Rua António dos Santos, nº. 27 3020-533 Brasfeme",239910000,239910009,"geral@bvbrasfemes.com","http://www.bvbrasfemes.com/","Coimbra",,
616,"Lagares da Beira","Rua dos Bombeiros, nº. 14 apart. 7 3405-189 Lagares da Beira",238640112,238640117,"Geral@bvlagaresdabeira.com","http://www.bvlagaresdabeira.com/","Oliveira do Hospital",,
617,"Miranda do Corvo","Rua das Fontainhas - apartado 71 3221-909 Miranda do Corvo",239532194,239531104,"sec_bvmc@sapo.pt","www.bvmirandadocorvo.pt","Miranda do Corvo",,
610,"Penacova","Praça Sá Carneiro nº.4, 3360-191 Penacova",239477469,239478957,"comando.bvpenacova@sapo.pt","www.bombeirospenacova.pt/","Penacova",,
611,"Montemor o Velho","Av. Bombeiros Voluntários 3140-250 Montemor-o-Velho",239689214,239689886,"bombeirosmontemor@clix.pt","http://bombeirosmontemorvelho.planetaclix.pt/","Montemor-o-Velho",,
612,"Arganil","Av. Bombeiros Voluntários 3300012 Arganil",235202122,,"op65929@mail.telepac.pt",,"Arganil",,
613,"V.N.Oliveirinha","Av. Antonio de Padua 3420-457 Vila Nova de Oliveirinha",238604887,238602131,"bvvnoliveirinha@sapo.pt","http://bvvno.com.sapo.pt/","Tábua",,
509,"Vila Velha de Ródão","Rua de Santana 6030-230 Vila Velha de Ródão",272541022,272545492,"bombeiros_vvr@sapo.pt","www.bombeiros-vvrodao.pt","Vila Velha de Ródão",,
510,"Belmonte","Av. dos Bombeiros Voluntários nº.9 6250056 Belmonte",275910090,275910098,"b.v.belmonte@sapo.pt","http://www.bvbelmonte.pt/","Belmonte",,
511,"Vila de Rei","Rua Dos Bombeiros Voluntários 6110000 Vila de Rei",274890030,274898504,"comandoviladerei@htmail.com",,"Vila de Rei",,
512,"Cernache do Bonjardim","Rua dos Pinheiros apartado 15 6104-908 Cernache do Bonjardim",274800070,274800071,"cernache@mail.telepac.pt",,"Sertã",,
601,"Coimbra Sapadores","Av. Mendes Silva - 3030-193 Coimbra",239792800,239792809,"cbs@cm-coimbra.pt",,"Coimbra",,
506,"Oleiros","Rua dos Bombeiros Voluntários 6160-404 Oleiros",272680170,272680179,,,"Oleiros",,
507,"Proença-a-Nova","Largos dos Bombeiros, nº. 13- Apartado 51 6154-909 Proença-a-Nova",274671444,274672550,"bombeirosproença@sapo.pt",,"Proença-a-Nova",,
508,"Idanha-a-Nova","Largo de Santo António 6060-126 Idanha-a-Nova",277202456,277202249,"bvidanha_central@sapo.pt","http://bvidanha.no.sapo.pt/","Idanha-a-Nova",,
505,"Penamacor","Rua dos Bombeiros Voluntários 6090-571",277394122,277394840,"bvpenamacor@oninet.pt",,"Penamacor",,
504,"Castelo Branco","Rua Cmdt. Lúcio Miguel Pereira 6000-202 Castelo Branco",272342122,272321429,,,"Castelo Branco",,
503,"Fundão","Rua Cidade da Covilhã, 18 6230-346 Fundão",275772700,275752786,,"http://bvfundao.no.sapo.pt/","Fundão",,
502,"Sertã","Rua dos Bombeiros Voluntários 6100- 756 Sertã",274603528,274603000,"central@bvserta.mail.pt",,"Sertã",,
501,"Covilhã","Rua D. Júlio Maria da Costa 6215-442 Covilhã",275310310,275310311,"bvcovilha@oninet.pt","http://bvcovilha.tripod.com/","Covilhã",,
415,"Izeda","Rua Central nº.14 5300-598 Izeda",273959222,273959248,"ahbvizeda@clix.pt",,"Bragança",,
414,"Sendim","Av. do Ciclo 5225-101 Sendim",273739121,273739029,"bvsendim@hotmail.com","http://www.bvsendim.com","Miranda do Douro",,
413,"Torre de Dona Chama","Av. Dos Bombeiros Voluntários 5385-117 Torre de Dona Chama",278318140,278318141,"info.bvtdc@gmail.com","http://bvtdc.no.sapo.pt/","Mirandela",,
412,"Miranda do Douro","Estrada Nacional, 218 5210-183 Miranda do Douro",273432122,273431117,"bombeiros_miranda_douro@vizzavi.pt",,"Miranda do Douro",,
411,"Vila Flor","Rua D. Oliveira Salazar nº.1 5360-385 Vila Flor",278512122,278512864,"bvvilaflor@sapo.pt","www.juvebombeiro0411.blogspot.com","Vila Flor",,
410,"Vinhais","Rua dos Frades 5320-331 Vinhais",273771012,273770258,"bombeiros.vinhais@clix.pt",,"Vinhais",,
409,"Alfândega da Fé","Av. dos Bombeiros Voluntários 5350004 Alfândega da Fé",279462429,279462252,"bvalfandega.direccao@sapo.pt",,"Alfândega da Fé",,
408,"Moncorvo","Av. Bombeiros Voluntários 5160-216 Torre de Moncorvo",279200200,279253122,"geral@bombeirosmoncorvo.com","www.bombeirosmoncorvo.com","Torre de Moncorvo",,
407,"Vimioso","Rua da Fonte Nova nº. 12 5230-319 Vimioso",273512115,273512645,"bvvimioso@sapo.pt",,"Vimioso",,
406,"Mogadouro","Av. dos Comandos 5200-206 Mogadouro",279340020,279348140,"bvmogadouro@mail.telepac.pt",,"Mogadouro",,
405,"Carrazeda de Ansiães","Rua Luis de Camões 5140080 Carrazeda de Ansiães",278616104,278615186,"bvca@ansiaes.net",,"Carrazeda de Ansiães",,
404,"Freixo de Espada à Cinta","Av. Guerra Junqueiro 5180-104 Freixo de Espada à Cinta",279653230,279653352,"bvfreixo@sapo.pt",,"Freixo de Espada à Cinta",,
403,"Macedo de Cavaleiros","Rua Alexandre Herculano nº.19 5340-214 Macedo de Cavaleiros",278428530,278428539,"mail@bombeiros-macedo.org","http://www.bombeiros-macedo.org","Macedo de Cavaleiros",,
402,"Bragança","Rua D. Manuel Bento 5300-167 Bragança",273300210,273300211,"bombeiros.braganca@sapo.pt",,"Bragança",,
322,"Terras de Bouro","Covas-Moimenta 4840-100 Terras de Bouro",253350110,253350119,,,"Terras de Bouro",,
401,"Mirandela","Av. dos Bombeiros Voluntários 5370-206 Mirandela",278201080,278262676,"bvmirandela@mail.telepac.pt",,"Mirandela",,
321,"Viatodos","Rua dos Bombeiros Voluntários, nº.5 4775-270 Viatodos",252962800,252961963,"bombeiros.viatodos@mail.telepac.pt",,"Barcelos",,
320,"B.P.Riopele","Av. Riopele, nº. 946 4770-405 Pousada de Saramagos",252990996,252992170,,,"Vila Nova de Famalicão",,
319,"Riba de Ave","Av. Narciso Ferreira 4765-202 Riba de Ave",252900200,252900209,,"http://www.bvribadeave.org/","Vila Nova de Famalicão",,
318,"Cabeceirenses","Rua dos Bombeiros Voluntários 4860-253 Cabeceiras de Basto",253662133,253661915,"comandante@bv-cabeceirenses.pt","http://www.bv-cabeceirenses.pt","Cabeceiras de Basto",,
317,"Vieira do Minho","Praça do Bombeiro Voluntário 4850-526 Vieira do Minho",253647129,253648629,"bvvm.comando@gmail.com",,"Vieira do Minho",,
112,"Mealhada","Rua Bernardino FeLargoueiras 3050-347 Mealhada",231202122,231203850,"comando.bvmealhada@gmail.com",,"Mealhada",,
113,"Espinhenses","Rua nº.16, 511 4500 - Espinho",227340042,227318525,"bvespinhenses.comando@gmail.com","bvespinhenses.com","Espinho",,
114,"São João da Madeira","Rua Oliveira Figueiredo, Zona Industrial 1, 3700-101 S. João da Madeira",256837120,256832015,"comandante.aleixo@mail.telepac.pt",,"São João da Madeira",,
115,"Vagos","Av. D. Lucio Vidal 3840-401 Vagos",234799750,234799755,"comando@bvvagos.pt","www.bvvagos.pt","Vagos",,
116,"Esmoriz","Av. dos Correios 3885-990 Esmoriz",256752122,256755451,"comandobve@netvisao.pt",,"Ovar",,
117,"Anadia","Largo das Fontes 3780046 Anadia",231512122,231504778,"ahbvacomando@netvisao.pt","www.ahbva.com","Anadia",,
118,"Águeda","Av. 25 de Abril 3750-101 Águeda",234622591,234625064,"comando@bvagueda.net","www.bvagueda.net","Águeda",,
119,"Sever do Vouga","Rua dos Bombeiros 3740-267 Sever do Vouga",234555738,234555686,"comando.sever@mail.telepac.pt",,"Sever do Vouga",,
120,"Vale de Cambra","Rua Vasco da Gama 3730-263 Vale de Cambra",256423616,256423228,"comando@bombeirosvalecambra.pt",,"Vale de Cambra",,
121,"Lourosa","Av. Principal, nº.4030 4535038 Lourosa",227443189,227457427,"bvlourosa_comando@hotmail.com",,"Santa Maria da Feira",,
122,"Oliveira do Bairro","Estrada da Estaçao 3770-220 Oliveira do Bairro",234740370,234740371,"comando.obr@mail.telepac.pt",,"Oliveira do Bairro",,
123,"Castelo de Paiva","Rua General Humberto DeLargoado 4550-101 Castelo de Paiva",255690550,255690559,"com.bvcp@sapo.pt","bvcastelopaiva.no.sapo.pt","Castelo de Paiva",,
124,"Arouca","Alto da Estrada, Rua dos Bombeiros 4540-202 Arouca",256943777,256949344,"comandante.bvarouca@sapo.pt",,"Arouca",,
111,"Arrifana","Av. 5 de Outubro, 197 3700-457 Arrifana",256831055,256832865,"cmdtbvarrifana@hotmail.com",,"Santa Maria da Feira",,
109,"Albergaria-a-Velha","Rua D. Jose Henriques Apartado 111 3854-909 Albergaria-a-Velha",234529110,234525112,"comando@bombeirosdealbergaria.pt","www.bombeirosdealbergaria.pt","Albergaria-a-Velha",,
110,"Pampilhosa","Rua do Lagar 3050-417 Pampilhosa",231949122,231947619,"bvpampilhosacomando@sapo.pt","abvps.com.sapo.pt","Mealhada",,
107,"Feira","Rua Engº. Duarte Pacheco nº 20 4524-909 Santa Maria da Feira",256377601,256377608,"bvfeira@mail.telepac.pt",,"Santa Maria da Feira",,
108,"Estarreja","Rua dos Bombeiros Voluntários 3860-367 Estarreja",234842303,234849788,"bvestarreja.comando@mail.telepac.pt","www.bombeirosestarreja.com","Estarreja",,
104,"Ovar","Rua D. Manuel Arala 3880-206 Ovar",256572122,256575594,"bvocomandante@netvisao.pt","www.bvovar.com","Ovar",,
103,"Espinho","Rua 16 Largo dos Combatentes apartado 704 4501-901 Espinho",227328275,227328275,"comandante@bvespinho.com","www.bvespinho.com","Espinho",,
102,"Ílhavo","Av. Mario Sacramento 3830052 Ílhavo",234320120,234320128,"comandante@bvÍlhavo.pt","www.bvÍlhavo.pt","Ílhavo",,
101,"Aveiro Velhos","Rua D. Mario Sacramento 3810-104 Aveiro",234377090,234377091,"bvelhosaveiro@sapo.pt","www.bombeirosaveiro-velhos.com","Aveiro",,
2308,"Nordeste","Rua do Topo - Nordeste",296488111,,,,"Nordeste",,
128,"B.P.Portucel","Rua Bombeiros da Celulose 3800-536 Cacia",234910600,234910619,"bombeiros.cacia@portucel.pt",,"Cacia",,
1304,"Santo Tirso","Praça Conde São Bento 42/4, Santo Tirso",252852491,,,,"Santo Tirso",,
126,"Fajões","Rua dos Bombeiros Voluntários 3700 - 660 Fajões",256851122,256851121,"geral@bvf.pt","http://www.bvf.pt/","Oliveira de Azeméis",,
129,"B.P.Salvador Caetano","Ovar 3885-100 Arada",256790000,256790005,"nelson.marinheiro@toyotacaetano.pt",,"Ovar",,
130,"B.P.Nestlé","Rua da Nestle, nº.º 116 Apartado 1 3860-757 Avanca",234850500,234850501,"luism.pinto@pt.nestle.com",,"Avanca",,
1315,"São Mamede de Infesta","Av.Marechal Gomes da Costa, 245 4465-158 S. Mamede de Infesta",229010017,229016309,"bombeiros.smi@sapo.pt",,"Matosinhos",,
1346,"B.P.Salvador Caetano","Oliveira do Douro 4431-956 Oliveira do Douro V. nº. de Gaia",227867000,227867066,"www.salvadorcaetano.pt",,"Vila Nova de Gaia",,